Message_Size_(Bytes),Processes_per_Node,Working_Set_Size_(Bytes),Number_of_Messages,Computational_Load_Type,Number_of_Nodes,Model
0.4134559073601306,0.36036472528246066,0.353942670745847,0.24692275446526085,0.2257259341673754,0.21862455922225685,Random Forest
0.9047619047619049,0.29524156320077505,0.19730117988227805,0.24639474010342272,0.1925586975973258,0.2245455785275778,Gradient Boosting
0.6529081388655957,0.19437668685067414,0.16029615353383972,0.26056291960364003,0.1610045257239491,0.23019274349954952,Tuned Gradient Boosting
