Working_Set_Size_(Bytes),Processes_per_Node,Message_Size_(Bytes),Number_of_Nodes,Number_of_Messages,Computational_Load_Type,Model
0.49105764353924547,0.3520412829656882,0.33992475457666893,0.27384364588663834,0.22691778004722474,0.22160221172486919,Random Forest
0.5763253881067897,0.2509268230926207,0.3318460678426562,0.23920421365253258,0.2081501543540057,0.2583868734841072,Gradient Boosting
0.20340716552763685,0.23430494442141353,0.518883232457694,0.29885672514122863,0.26631354772518595,0.18575899823397124,Tuned Gradient Boosting
