Message_Size_(Bytes),Working_Set_Size_(Bytes),Processes_per_Node,Number_of_Messages,Number_of_Nodes,Computational_Load_Type,Model
0.4537796635859586,0.3632019545054631,0.3535464276148903,0.23165373240143594,0.2232747691996748,0.21600497998294543,Random Forest
0.4255797257992372,0.2795468763938721,0.2587328334484446,0.2697497630550434,0.2660989359799164,0.18575336260699638,Gradient Boosting
0.661174371621976,0.27674000276740024,0.28548576762817973,0.35570310647379616,0.3546398716541413,0.2770686140632115,Tuned Gradient Boosting
