Working_Set_Size_(Bytes),Message_Size_(Bytes),Processes_per_Node,Number_of_Messages,Number_of_Nodes,Computational_Load_Type,Model
0.4243251192345815,0.3840944910819143,0.3628568634344005,0.24119835099602893,0.22127720208130816,0.2170512082743132,Random Forest
0.32850143099330015,0.41465686076748276,0.2574884638788392,0.25311516485919233,0.24280502304901527,0.20636000493161957,Gradient Boosting
0.19485635459380335,0.697269375332484,0.20998082868028076,0.2823128362950411,0.23364155622657892,0.1927794149338182,Tuned Gradient Boosting
